"CaseNumber","InstitutionName","InstitutionURL","DetailsURL","DateOpened","Status","OpenFor","DateResolved"
1,"Vanderbilt University","www.vanderbilt.edu","http://projects.chronicle.com/titleix/case/1",2014-03-03,"Open","1year, 10months",NA
2,"Allegheny College","www.allegheny.edu","http://projects.chronicle.com/titleix/case/2",2014-12-05,"Open","1year, 1month",NA
3,"University of Akron","www.uakron.edu","http://projects.chronicle.com/titleix/case/3",2014-05-06,"Open","1year, 8months",NA
4,"University of Alaska system","www.alaska.edu","http://projects.chronicle.com/titleix/case/4",2014-05-05,"Open","1year, 8months",NA
5,"American University","www.american.edu","http://projects.chronicle.com/titleix/case/5",2015-03-11,"Open","10months, 1week",NA
6,"Pennsylvania State University at University Park","www.psu.edu","http://projects.chronicle.com/titleix/case/6",2014-01-23,"Open","1year, 11months",NA
7,"Stanford University","www.stanford.edu","http://projects.chronicle.com/titleix/case/7",2015-02-26,"Open","10months, 2weeks",NA
8,"University of California at Berkeley","www.berkeley.edu","http://projects.chronicle.com/titleix/case/8",2014-03-25,"Open","1year, 9months",NA
9,"Arizona State University","www.asu.edu","http://projects.chronicle.com/titleix/case/9",2012-01-26,"Open","3years, 11months",NA
10,"Barnard College","www.barnard.edu","http://projects.chronicle.com/titleix/case/10",2014-12-29,"Open","1year",NA
11,"Berklee College of Music","www.berklee.edu","http://projects.chronicle.com/titleix/case/11",2014-06-09,"Open","1year, 7months",NA
12,"Bethany College (W.Va.)","www.bethanywv.edu","http://projects.chronicle.com/titleix/case/12",2014-04-28,"Open","1year, 8months",NA
13,"Northeastern University","www.northeastern.edu","http://projects.chronicle.com/titleix/case/13",2014-10-30,"Open","1year, 2months",NA
14,"Morgan State University","www.morgan.edu","http://projects.chronicle.com/titleix/case/14",2014-06-26,"Open","1year, 6months",NA
15,"Brown University","www.brown.edu","http://projects.chronicle.com/titleix/case/15",2014-07-10,"Open","1year, 6months",NA
16,"University of Richmond","www.richmond.edu","http://projects.chronicle.com/titleix/case/16",2014-06-12,"Open","1year, 7months",NA
17,"Butte College","www.butte.edu","http://projects.chronicle.com/titleix/case/17",2013-02-27,"Open","2years, 10months",NA
18,"University of Rochester","www.rochester.edu","http://projects.chronicle.com/titleix/case/18",2015-05-21,"Open","7months, 3weeks",NA
19,"California Institute of the Arts","www.calarts.edu","http://projects.chronicle.com/titleix/case/19",2014-09-30,"Open","1year, 3months",NA
20,"Pace University","www.pace.edu","http://projects.chronicle.com/titleix/case/20",2014-07-22,"Open","1year, 5months",NA
21,"Canisius College","www.canisius.edu","http://projects.chronicle.com/titleix/case/21",2014-12-11,"Open","1year, 1month",NA
22,"University of California at Davis","www.ucdavis.edu","http://projects.chronicle.com/titleix/case/22",2015-03-24,"Open","9months, 3weeks",NA
23,"University of California at Los Angeles","www.ucla.edu","http://projects.chronicle.com/titleix/case/23",2014-08-08,"Open","1year, 5months",NA
24,"Boston University","www.bu.edu","http://projects.chronicle.com/titleix/case/24",2013-12-16,"Open","2years",NA
25,"Frostburg State University","www.frostburg.edu","http://projects.chronicle.com/titleix/case/25",2013-09-18,"Open","2years, 3months",NA
26,"Carnegie Mellon University","www.cmu.edu","http://projects.chronicle.com/titleix/case/26",2014-01-13,"Open","1year, 12months",NA
27,"University of California at San Francisco","www.ucsf.edu","http://projects.chronicle.com/titleix/case/27",2015-05-06,"Open","8months, 1week",NA
28,"Catholic University of America","www.cua.edu","http://projects.chronicle.com/titleix/case/28",2014-01-08,"Open","2years",NA
29,"University of California at Santa Cruz","www.ucsc.edu","http://projects.chronicle.com/titleix/case/29",2015-03-13,"Open","10months",NA
30,"Guilford College","www.guilford.edu","http://projects.chronicle.com/titleix/case/30",2013-11-18,"Open","2years, 1month",NA
32,"University of Chicago","www.uchicago.edu","http://projects.chronicle.com/titleix/case/32",2013-06-28,"Open","2years, 6months",NA
33,"Johns Hopkins University","www.jhu.edu","http://projects.chronicle.com/titleix/case/33",2014-08-08,"Open","1year, 5months",NA
34,"University of Colorado at Boulder","www.colorado.edu","http://projects.chronicle.com/titleix/case/34",2013-06-18,"Open","2years, 6months",NA
35,"University of South Florida","www.usf.edu","http://projects.chronicle.com/titleix/case/35",2014-09-03,"Open","1year, 4months",NA
36,"University of Colorado at Denver","www.ucdenver.edu","http://projects.chronicle.com/titleix/case/36",2014-04-29,"Open","1year, 8months",NA
37,"University of Southern California","www.usc.edu","http://projects.chronicle.com/titleix/case/37",2013-06-26,"Open","2years, 6months",NA
38,"University of Tennessee at Chattanooga","www.utc.edu","http://projects.chronicle.com/titleix/case/38",2014-12-05,"Open","1year, 1month",NA
39,"University of Tennessee at Knoxville","www.tennessee.edu","http://projects.chronicle.com/titleix/case/39",2015-07-21,"Open","5months, 3weeks",NA
40,"Marlboro College","www.marlboro.edu","http://projects.chronicle.com/titleix/case/40",2014-10-06,"Open","1year, 3months",NA
41,"Hobart and William Smith Colleges","www.hws.edu","http://projects.chronicle.com/titleix/case/41",2014-04-24,"Open","1year, 8months",NA
42,"Missouri University of Science and Technology","www.mst.edu","http://projects.chronicle.com/titleix/case/42",2014-05-21,"Open","1year, 7months",NA
43,"Idaho State University","www.isu.edu","http://projects.chronicle.com/titleix/case/43",2015-06-05,"Open","7months, 1week",NA
44,"Langston University","www.lunet.edu","http://projects.chronicle.com/titleix/case/44",2014-11-26,"Open","1year, 1month",NA
45,"Hamilton College (N.Y.)","www.hamilton.edu","http://projects.chronicle.com/titleix/case/45",2014-11-14,"Open","1year, 1month",NA
46,"Hampshire College","www.hampshire.edu","http://projects.chronicle.com/titleix/case/46",2014-07-17,"Open","1year, 5months",NA
47,"Harvard University","www.harvard.edu","http://projects.chronicle.com/titleix/case/47",2014-04-24,"Open","1year, 8months",NA
48,"City University of New York Hunter College","www.hunter.cuny.edu","http://projects.chronicle.com/titleix/case/48",2013-02-08,"Open","2years, 11months",NA
49,"James Madison University","www.jmu.edu","http://projects.chronicle.com/titleix/case/49",2014-06-04,"Open","1year, 7months",NA
50,"Minot State University","www.minotstateu.edu","http://projects.chronicle.com/titleix/case/50",2014-02-26,"Open","1year, 10months",NA
51,"Full Sail University","www.fullsail.edu","http://projects.chronicle.com/titleix/case/51",2015-07-20,"Open","5months, 3weeks",NA
52,"Iowa State University","www.iastate.edu","http://projects.chronicle.com/titleix/case/52",2014-10-15,"Open","1year, 2months",NA
53,"Grand Valley State University","www.gvsu.edu","http://projects.chronicle.com/titleix/case/53",2014-10-06,"Open","1year, 3months",NA
54,"Indiana University at Bloomington","www.iub.edu","http://projects.chronicle.com/titleix/case/54",2014-03-12,"Open","1year, 10months",NA
55,"Indiana University at Bloomington","www.iub.edu","http://projects.chronicle.com/titleix/case/55",2015-06-30,"Open","6months, 2weeks",NA
56,"Kansas State University","www.k-state.edu","http://projects.chronicle.com/titleix/case/56",2014-08-04,"Open","1year, 5months",NA
57,"Kansas State University","www.k-state.edu","http://projects.chronicle.com/titleix/case/57",2015-04-20,"Open","8months, 3weeks",NA
58,"Knox College","www.knox.edu","http://projects.chronicle.com/titleix/case/58",2014-01-02,"Open","2years",NA
59,"Knox College","www.knox.edu","http://projects.chronicle.com/titleix/case/59",2014-06-26,"Open","1year, 6months",NA
60,"Michigan State University","www.msu.edu","http://projects.chronicle.com/titleix/case/60",2011-07-21,"Resolved","4years, 1month",2015-09-01
61,"Michigan State University","www.msu.edu","http://projects.chronicle.com/titleix/case/61",2014-02-18,"Resolved","1year, 6months",2015-09-01
62,"College of William & Mary","www.wm.edu","http://projects.chronicle.com/titleix/case/62",2014-04-18,"Open","1year, 8months",NA
63,"University of Texas-Pan American","www.utpa.edu","http://projects.chronicle.com/titleix/case/63",2014-04-21,"Open","1year, 8months",NA
64,"Colorado State University at Fort Collins","www.colostate.edu","http://projects.chronicle.com/titleix/case/64",2014-06-24,"Open","1year, 6months",NA
65,"Columbia University","www.columbia.edu","http://projects.chronicle.com/titleix/case/65",2015-01-08,"Open","1year",NA
66,"Cornell University","www.cornell.edu","http://projects.chronicle.com/titleix/case/66",2015-05-26,"Open","7months, 3weeks",NA
67,"Davis & Elkins College","www.dewv.edu","http://projects.chronicle.com/titleix/case/67",2014-09-05,"Open","1year, 4months",NA
68,"Denison University","www.denison.edu","http://projects.chronicle.com/titleix/case/68",2014-03-07,"Open","1year, 10months",NA
69,"Elizabethtown College","www.etown.edu","http://projects.chronicle.com/titleix/case/69",2014-11-20,"Open","1year, 1month",NA
70,"Emerson College","www.emerson.edu","http://projects.chronicle.com/titleix/case/70",2013-12-23,"Open","2years",NA
71,"Emory University","www.emory.edu","http://projects.chronicle.com/titleix/case/71",2013-12-13,"Open","2years, 1month",NA
72,"Florida State University","www.fsu.edu","http://projects.chronicle.com/titleix/case/72",2014-04-03,"Open","1year, 9months",NA
73,"Franklin & Marshall College","www.fandm.edu","http://projects.chronicle.com/titleix/case/73",2014-03-26,"Open","1year, 9months",NA
74,"University of Connecticut","uconn.edu","http://projects.chronicle.com/titleix/case/74",2015-02-17,"Open","10months, 4weeks",NA
75,"University of Delaware","www.udel.edu","http://projects.chronicle.com/titleix/case/75",2014-05-08,"Open","1year, 8months",NA
76,"University of Denver","www.du.edu","http://projects.chronicle.com/titleix/case/76",2013-12-12,"Open","2years, 1month",NA
77,"University of Denver","www.du.edu","http://projects.chronicle.com/titleix/case/77",2015-03-10,"Open","10months, 1week",NA
78,"University of Hawaii-Manoa","manoa.hawaii.edu","http://projects.chronicle.com/titleix/case/78",2013-05-28,"Open","2years, 7months",NA
79,"University of Idaho","www.uidaho.edu","http://projects.chronicle.com/titleix/case/79",2013-04-18,"Open","2years, 8months",NA
80,"University of Idaho","www.uidaho.edu","http://projects.chronicle.com/titleix/case/80",2015-05-27,"Open","7months, 2weeks",NA
81,"University of Iowa","www.uiowa.edu","http://projects.chronicle.com/titleix/case/81",2015-04-20,"Open","8months, 3weeks",NA
82,"University of Kansas","www.ku.edu","http://projects.chronicle.com/titleix/case/82",2014-07-16,"Open","1year, 6months",NA
83,"University of Kentucky","www.uky.edu","http://projects.chronicle.com/titleix/case/83",2015-04-14,"Open","9months",NA
84,"University of Virginia","www.virginia.edu","http://projects.chronicle.com/titleix/case/84",2011-06-30,"Resolved","4years, 2months",2015-09-21
85,"University of Tennessee at Chattanooga","www.utc.edu","http://projects.chronicle.com/titleix/case/85",2015-04-03,"Open","9months, 2weeks",NA
86,"University of Massachusetts at Amherst","www.umass.edu","http://projects.chronicle.com/titleix/case/86",2011-06-30,"Open","4years, 6months",NA
87,"University of Massachusetts at Dartmouth","www.umassd.edu","http://projects.chronicle.com/titleix/case/87",2014-07-16,"Open","1year, 6months",NA
88,"University of Michigan at Ann Arbor","www.umich.edu","http://projects.chronicle.com/titleix/case/88",2014-02-21,"Open","1year, 10months",NA
89,"University of Nebraska at Lincoln","www.unl.edu","http://projects.chronicle.com/titleix/case/89",2014-09-30,"Open","1year, 3months",NA
90,"University of North Carolina at Chapel Hill","www.unc.edu","http://projects.chronicle.com/titleix/case/90",2013-03-01,"Open","2years, 10months",NA
91,"University of Tennessee at Knoxville","www.tennessee.edu","http://projects.chronicle.com/titleix/case/91",2015-06-29,"Open","6months, 2weeks",NA
93,"Vincennes University","vinu.edu","http://projects.chronicle.com/titleix/case/93",2014-03-20,"Open","1year, 9months",NA
95,"Virginia Commonwealth University","www.vcu.edu","http://projects.chronicle.com/titleix/case/95",2011-02-09,"Resolved","7months, 3weeks",2011-09-30
97,"State University of New York, The College at Brockport","www.brockport.edu","http://projects.chronicle.com/titleix/case/97",2015-02-12,"Open","11months",NA
98,"Buffalo State College","www.buffalostate.edu","http://projects.chronicle.com/titleix/case/98",2015-03-26,"Open","9months, 3weeks",NA
99,"Temple University","www.temple.edu","http://projects.chronicle.com/titleix/case/99",2013-08-09,"Open","2years, 5months",NA
100,"Temple University","www.temple.edu","http://projects.chronicle.com/titleix/case/100",2014-11-19,"Open","1year, 1month",NA
101,"Quincy College","www.quincycollege.edu","http://projects.chronicle.com/titleix/case/101",2012-05-29,"Resolved","1year, 3months",2013-08-27
102,"Regis University","www.regis.edu","http://projects.chronicle.com/titleix/case/102",2013-04-30,"Open","2years, 8months",NA
103,"St. Mary's College of Maryland","www.smcm.edu","http://projects.chronicle.com/titleix/case/103",2012-06-29,"Resolved","12months",2013-06-24
104,"St. Thomas Aquinas College","www.stac.edu","http://projects.chronicle.com/titleix/case/104",2014-07-09,"Open","1year, 6months",NA
105,"Brandeis University","www.brandeis.edu","http://projects.chronicle.com/titleix/case/105",2014-08-29,"Resolved","7months, 3weeks",2015-04-22
106,"Samuel Merritt University","www.samuelmerritt.edu","http://projects.chronicle.com/titleix/case/106",2014-01-24,"Resolved","< 1 month",2014-02-10
107,"Cedarville University","www.cedarville.edu","http://projects.chronicle.com/titleix/case/107",2013-07-01,"Resolved","11months, 3weeks",2014-06-23
108,"George Washington University","www.gwu.edu","http://projects.chronicle.com/titleix/case/108",2011-03-21,"Resolved","5months, 1week",2011-08-31
109,"San Francisco State University","www.sfsu.edu","http://projects.chronicle.com/titleix/case/109",2015-03-10,"Open","10months, 1week",NA
110,"San Jose/Evergreen Community College District","www.sjeccd.edu","http://projects.chronicle.com/titleix/case/110",2014-11-12,"Open","1year, 2months",NA
111,"Southern Methodist University","www.smu.edu","http://projects.chronicle.com/titleix/case/111",2011-08-17,"Resolved","3years, 3months",2014-12-11
112,"Southern Methodist University","www.smu.edu","http://projects.chronicle.com/titleix/case/112",2013-04-19,"Resolved","1year, 7months",2014-12-11
113,"Southwest Acupuncture College (Colo.)","www.acupuncturecollege.edu","http://projects.chronicle.com/titleix/case/113",2012-04-24,"Resolved","1month, 3weeks",2012-06-14
114,"Stanford University","www.stanford.edu","http://projects.chronicle.com/titleix/case/114",2015-05-28,"Open","7months, 2weeks",NA
116,"Hanover College","www.hanover.edu","http://projects.chronicle.com/titleix/case/116",2013-05-22,"Resolved","3months, 2weeks",2013-09-06
117,"Kentucky Wesleyan College","www.kwc.edu","http://projects.chronicle.com/titleix/case/117",2012-03-12,"Resolved","1year, 5months",2013-08-15
118,"Glenville State College","www.glenville.edu","http://projects.chronicle.com/titleix/case/118",2011-02-02,"Resolved","11months, 2weeks",2012-01-17
119,"Oglethorpe University","www.oglethorpe.edu","http://projects.chronicle.com/titleix/case/119",2015-06-23,"Open","6months, 3weeks",NA
120,"Oklahoma State University at Stillwater","www.okstate.edu","http://projects.chronicle.com/titleix/case/120",2014-04-10,"Open","1year, 9months",NA
121,"Pitzer College","www.pitzer.edu","http://projects.chronicle.com/titleix/case/121",2012-03-29,"Resolved","1year",2013-03-29
122,"New York University","www.nyu.edu","http://projects.chronicle.com/titleix/case/122",2015-05-22,"Open","7months, 3weeks",NA
123,"Duke University","www.duke.edu","http://projects.chronicle.com/titleix/case/123",2015-11-20,"Open","1month, 3weeks",NA
124,"Northern New Mexico College","nnmc.edu","http://projects.chronicle.com/titleix/case/124",2011-05-12,"Resolved","8months, 3weeks",2012-01-31
125,"Princeton University","www.princeton.edu","http://projects.chronicle.com/titleix/case/125",2010-12-15,"Resolved","3years, 10months",2014-11-05
126,"Point Park University","www.pointpark.edu","http://projects.chronicle.com/titleix/case/126",2015-02-27,"Open","10months, 2weeks",NA
127,"New York University","www.nyu.edu","http://projects.chronicle.com/titleix/case/127",2015-07-16,"Open","6months",NA
128,"St. John's University (N.Y.)","www.stjohns.edu","http://projects.chronicle.com/titleix/case/128",2015-10-01,"Open","3months, 1week",NA
129,"St. John's University (N.Y.)","www.stjohns.edu","http://projects.chronicle.com/titleix/case/129",2015-05-27,"Open","7months, 2weeks",NA
130,"State University of New York at Stony Brook","www.stonybrook.edu","http://projects.chronicle.com/titleix/case/130",2013-11-01,"Resolved","3months, 2weeks",2014-02-19
131,"State University of New York at Stony Brook","www.stonybrook.edu","http://projects.chronicle.com/titleix/case/131",2014-07-23,"Open","1year, 5months",NA
133,"University at Albany, SUNY","www.albany.edu","http://projects.chronicle.com/titleix/case/133",2015-06-16,"Open","7months",NA
134,"Binghamton University","www.binghamton.edu","http://projects.chronicle.com/titleix/case/134",2013-12-31,"Resolved","5months, 4weeks",2014-06-27
135,"Texas A&M University at College Station","www.tamu.edu","http://projects.chronicle.com/titleix/case/135",2015-03-18,"Open","10months",NA
136,"University of Connecticut","uconn.edu","http://projects.chronicle.com/titleix/case/136",2013-12-06,"Resolved","1year, 2months",2015-02-17
137,"University of Illinois at Urbana-Champaign","www.illinois.edu","http://projects.chronicle.com/titleix/case/137",2012-07-03,"Resolved","10months, 3weeks",2013-05-22
138,"University of Montana at Missoula","www.umt.edu","http://projects.chronicle.com/titleix/case/138",2012-05-04,"Resolved","1year",2013-05-09
139,"University of San Diego","www.sandiego.edu","http://projects.chronicle.com/titleix/case/139",2014-12-22,"Resolved","3months",2015-03-23
140,"University of Washington","www.washington.edu","http://projects.chronicle.com/titleix/case/140",2015-06-01,"Open","7months, 2weeks",NA
141,"University of Wisconsin at Madison","www.wisc.edu","http://projects.chronicle.com/titleix/case/141",2015-02-24,"Open","10months, 3weeks",NA
142,"University of Wisconsin at Whitewater","www.uww.edu","http://projects.chronicle.com/titleix/case/142",2014-02-14,"Open","1year, 11months",NA
143,"Valley Forge Military College","www.vfmac.edu","http://projects.chronicle.com/titleix/case/143",2015-04-23,"Open","8months, 3weeks",NA
144,"Valparaiso University","valpo.edu","http://projects.chronicle.com/titleix/case/144",2014-10-03,"Open","1year, 3months",NA
145,"State University of New York College at Purchase","www.purchase.edu","http://projects.chronicle.com/titleix/case/145",2015-01-05,"Open","1year",NA
146,"Buffalo State College","www.buffalostate.edu","http://projects.chronicle.com/titleix/case/146",2015-04-07,"Open","9months, 1week",NA
147,"Virginia Military Institute","www.vmi.edu","http://projects.chronicle.com/titleix/case/147",2014-09-15,"Resolved","6months, 3weeks",2015-04-06
148,"Washburn University","www.washburn.edu","http://projects.chronicle.com/titleix/case/148",2014-07-01,"Open","1year, 6months",NA
149,"Washington and Lee University","www.wlu.edu","http://projects.chronicle.com/titleix/case/149",2015-02-18,"Open","10months, 4weeks",NA
150,"Washington State University","wsu.edu","http://projects.chronicle.com/titleix/case/150",2013-01-15,"Open","2years, 12months",NA
151,"West Virginia School of Osteopathic Medicine","www.wvsom.edu","http://projects.chronicle.com/titleix/case/151",2013-03-25,"Open","2years, 9months",NA
152,"Western Washington University","www.wwu.edu","http://projects.chronicle.com/titleix/case/152",2015-04-17,"Open","9months",NA
153,"Westminster College (Utah)","www.westminstercollege.edu","http://projects.chronicle.com/titleix/case/153",2015-01-20,"Open","11months, 3weeks",NA
154,"Whitman College","www.whitman.edu","http://projects.chronicle.com/titleix/case/154",2014-11-07,"Open","1year, 2months",NA
155,"Wittenberg University","www.wittenberg.edu","http://projects.chronicle.com/titleix/case/155",2011-08-25,"Open","4years, 4months",NA
156,"Wittenberg University","www.wittenberg.edu","http://projects.chronicle.com/titleix/case/156",2013-04-18,"Open","2years, 8months",NA
157,"Xavier University (Ohio)","www.xavier.edu","http://projects.chronicle.com/titleix/case/157",2011-12-08,"Resolved","2months",2012-02-07
158,"Xavier University (Ohio)","www.xavier.edu","http://projects.chronicle.com/titleix/case/158",2012-02-07,"Resolved","5months, 2weeks",2012-07-23
159,"Yale University","www.yale.edu","http://projects.chronicle.com/titleix/case/159",2011-04-01,"Resolved","1year, 2months",2012-06-15
160,"Hobart and William Smith Colleges","www.hws.edu","http://projects.chronicle.com/titleix/case/160",2015-08-10,"Open","5months",NA
161,"Marion Military Institute","www.marionmilitary.edu","http://projects.chronicle.com/titleix/case/161",2015-04-16,"Open","9months",NA
163,"Medical College of Wisconsin","www.mcw.edu","http://projects.chronicle.com/titleix/case/163",2015-09-01,"Open","4months, 1week",NA
164,"Chapman University","www.chapman.edu","http://projects.chronicle.com/titleix/case/164",2015-07-25,"Open","5months, 3weeks",NA
165,"Harvard University","www.harvard.edu","http://projects.chronicle.com/titleix/case/165",2010-12-21,"Resolved","4years",2014-12-30
166,"Pomona College","www.pomona.edu","http://projects.chronicle.com/titleix/case/166",2015-10-02,"Open","3months, 1week",NA
167,"Allegheny College","www.allegheny.edu","http://projects.chronicle.com/titleix/case/167",2015-07-30,"Open","5months, 2weeks",NA
168,"Alma College","www.alma.edu","http://projects.chronicle.com/titleix/case/168",2015-10-20,"Open","2months, 3weeks",NA
169,"Sarah Lawrence College","www.slc.edu","http://projects.chronicle.com/titleix/case/169",2013-12-04,"Open","2years, 1month",NA
170,"Amherst College","www.amherst.edu","http://projects.chronicle.com/titleix/case/170",2014-01-06,"Open","2years",NA
171,"Southern Methodist University","www.smu.edu","http://projects.chronicle.com/titleix/case/171",2013-04-19,"Resolved","1year, 7months",2014-12-11
172,"Brown University","www.brown.edu","http://projects.chronicle.com/titleix/case/172",2015-04-10,"Open","9months, 1week",NA
173,"Occidental College","www.oxy.edu","http://projects.chronicle.com/titleix/case/173",2013-05-02,"Open","2years, 8months",NA
174,"Stanford University","www.stanford.edu","http://projects.chronicle.com/titleix/case/174",2015-07-23,"Open","5months, 3weeks",NA
175,"Stanford University","www.stanford.edu","http://projects.chronicle.com/titleix/case/175",2015-07-23,"Open","5months, 3weeks",NA
176,"State University of New York system","www.suny.edu","http://projects.chronicle.com/titleix/case/176",2010-12-23,"Resolved","2years, 10months",2013-10-31
177,"Ohio State University","www.osu.edu","http://projects.chronicle.com/titleix/case/177",2010-06-23,"Resolved","4years, 2months",2014-09-11
178,"Ohio State University","www.osu.edu","http://projects.chronicle.com/titleix/case/178",2015-08-12,"Open","5months",NA
179,"Cisco College","www.cisco.edu","http://projects.chronicle.com/titleix/case/179",2014-05-07,"Open","1year, 8months",NA
180,"Cleveland State University","www.csuohio.edu","http://projects.chronicle.com/titleix/case/180",2015-08-31,"Open","4months, 2weeks",NA
181,"Swarthmore College","www.swarthmore.edu","http://projects.chronicle.com/titleix/case/181",2013-07-12,"Open","2years, 6months",NA
182,"Columbia University","www.columbia.edu","http://projects.chronicle.com/titleix/case/182",2015-07-30,"Open","5months, 2weeks",NA
183,"Corning Community College","www.corning-cc.edu","http://projects.chronicle.com/titleix/case/183",2015-09-02,"Open","4months, 1week",NA
184,"Dartmouth College","www.dartmouth.edu","http://projects.chronicle.com/titleix/case/184",2013-05-31,"Open","2years, 7months",NA
185,"Dartmouth College","www.dartmouth.edu","http://projects.chronicle.com/titleix/case/185",2015-08-21,"Open","4months, 3weeks",NA
186,"Point Park University","www.pointpark.edu","http://projects.chronicle.com/titleix/case/186",2015-02-27,"Open","10months, 2weeks",NA
187,"Tufts University","www.tufts.edu","http://projects.chronicle.com/titleix/case/187",2015-08-13,"Open","5months",NA
188,"Tufts University","www.tufts.edu","http://projects.chronicle.com/titleix/case/188",2010-10-25,"Resolved","3years, 6months",2014-04-28
189,"Pratt Institute","www.pratt.edu","http://projects.chronicle.com/titleix/case/189",2015-08-26,"Open","4months, 2weeks",NA
190,"Trinity University","www.trinity.edu","http://projects.chronicle.com/titleix/case/190",2015-07-31,"Open","5months, 2weeks",NA
191,"Drake University","www.drake.edu","http://projects.chronicle.com/titleix/case/191",2014-10-03,"Open","1year, 3months",NA
192,"Boston College","www.bc.edu","http://projects.chronicle.com/titleix/case/192",2015-12-04,"Open","1month, 1week",NA
193,"California Polytechnic State University at San Luis Obispo","calpoly.edu","http://projects.chronicle.com/titleix/case/193",2015-12-09,"Open","1month",NA
194,"Central Community College","www.cccneb.edu","http://projects.chronicle.com/titleix/case/194",2015-11-20,"Open","1month, 3weeks",NA
195,"Columbia College Chicago","www.colum.edu","http://projects.chronicle.com/titleix/case/195",2015-12-15,"Open","< 1 month",NA
196,"Cornell University","www.cornell.edu","http://projects.chronicle.com/titleix/case/196",2015-12-02,"Open","1month, 1week",NA
197,"Elmira College","www.elmira.edu","http://projects.chronicle.com/titleix/case/197",2014-05-12,"Open","1year, 8months",NA
198,"Grinnell College","www.grinnell.edu","http://projects.chronicle.com/titleix/case/198",2015-07-22,"Open","5months, 3weeks",NA
199,"Lincoln University (Pa.)","www.lincoln.edu","http://projects.chronicle.com/titleix/case/199",2015-12-02,"Open","1month, 1week",NA
200,"Louisiana State University system","www.lsu.edu/administration","http://projects.chronicle.com/titleix/case/200",2015-08-04,"Open","5months, 1week",NA
201,"Santa Clara University","www.scu.edu","http://projects.chronicle.com/titleix/case/201",2015-11-24,"Open","1month, 2weeks",NA
202,"Seton Hall University","www.shu.edu","http://projects.chronicle.com/titleix/case/202",2015-07-22,"Open","5months, 3weeks",NA
203,"Southern Illinois University at Carbondale","www.siu.edu","http://projects.chronicle.com/titleix/case/203",2015-09-04,"Open","4months, 1week",NA
204,"University of Massachusetts at Amherst","www.umass.edu","http://projects.chronicle.com/titleix/case/204",2015-09-24,"Open","3months, 2weeks",NA
205,"Kansas State University","www.k-state.edu","http://projects.chronicle.com/titleix/case/205",2015-09-24,"Open","3months, 2weeks",NA
206,"Kansas State University","www.k-state.edu","http://projects.chronicle.com/titleix/case/206",2015-11-24,"Open","1month, 2weeks",NA
207,"Massachusetts Institute of Technology","web.mit.edu","http://projects.chronicle.com/titleix/case/207",2015-08-13,"Open","5months",NA
208,"University of Miami","www.miami.edu","http://projects.chronicle.com/titleix/case/208",2015-10-09,"Open","3months",NA
209,"Massachusetts Maritime Academy","www.maritime.edu","http://projects.chronicle.com/titleix/case/209",2012-11-30,"Resolved","4months, 1week",2013-04-10
210,"Monmouth College","www.monmouthcollege.edu","http://projects.chronicle.com/titleix/case/210",2015-09-11,"Open","4months",NA
211,"University of Nebraska at Kearney","www.unk.edu","http://projects.chronicle.com/titleix/case/211",2015-08-20,"Open","4months, 3weeks",NA
212,"Pennsylvania State University at University Park","www.psu.edu","http://projects.chronicle.com/titleix/case/212",2013-11-22,"Resolved","4months, 3weeks",2014-04-14
213,"New School","www.newschool.edu","http://projects.chronicle.com/titleix/case/213",2011-05-23,"Resolved","4months, 1week",2011-09-30
214,"Oberlin College","www.oberlin.edu","http://projects.chronicle.com/titleix/case/214",2015-11-24,"Open","1month, 2weeks",NA
215,"St. Cloud State University","www.stcloudstate.edu","http://projects.chronicle.com/titleix/case/215",2015-11-05,"Open","2months, 1week",NA
216,"University of Houston","www.uh.edu/students","http://projects.chronicle.com/titleix/case/216",2015-10-27,"Open","2months, 2weeks",NA
217,"University of Notre Dame","www.nd.edu","http://projects.chronicle.com/titleix/case/217",2010-12-03,"Resolved","6months, 4weeks",2011-06-30
218,"Union College (N.Y.)","www.union.edu","http://projects.chronicle.com/titleix/case/218",2015-09-16,"Open","3months, 4weeks",NA
219,"University of Puerto Rico-Central Administration","www.upr.edu","http://projects.chronicle.com/titleix/case/219",2015-09-14,"Open","4months",NA
220,"Temple University","www.temple.edu","http://projects.chronicle.com/titleix/case/220",2015-11-20,"Open","1month, 3weeks",NA
221,"Tufts University","www.tufts.edu","http://projects.chronicle.com/titleix/case/221",2010-10-26,"Resolved","2years, 6months",2013-04-30
222,"University of Wisconsin at Whitewater","www.uww.edu","http://projects.chronicle.com/titleix/case/222",2015-09-10,"Open","4months",NA
223,"Spelman College","www.spelman.edu","http://projects.chronicle.com/titleix/case/223",2015-11-19,"Open","1month, 3weeks",NA
224,"Morehouse College","www.morehouse.edu","http://projects.chronicle.com/titleix/case/224",2015-11-19,"Open","1month, 3weeks",NA
225,"University of California at Berkeley","www.berkeley.edu","http://projects.chronicle.com/titleix/case/225",2015-07-15,"Open","6months",NA
226,"University of Kansas","www.ku.edu","http://projects.chronicle.com/titleix/case/226",2015-07-20,"Open","5months, 3weeks",NA
227,"University of Kansas","www.ku.edu","http://projects.chronicle.com/titleix/case/227",2011-11-07,"Resolved","4months, 3weeks",2012-03-30
228,"Duke University","www.duke.edu","http://projects.chronicle.com/titleix/case/228",2013-03-28,"Resolved","4months",2013-07-26
229,"University of Wisconsin at Madison","www.wisc.edu","http://projects.chronicle.com/titleix/case/229",2015-08-12,"Open","5months",NA
230,"University of Wisconsin at Madison","www.wisc.edu","http://projects.chronicle.com/titleix/case/230",2015-11-18,"Open","1month, 3weeks",NA
231,"Princeton University","www.princeton.edu","http://projects.chronicle.com/titleix/case/231",2011-08-24,"Resolved","5months, 1week",2012-02-03
232,"Princeton University","www.princeton.edu","http://projects.chronicle.com/titleix/case/232",2011-08-24,"Resolved","5months, 1week",2012-02-03
233,"Princeton University","www.princeton.edu","http://projects.chronicle.com/titleix/case/233",2015-09-30,"Open","3months, 2weeks",NA
234,"St. Mary's College of Maryland","www.smcm.edu","http://projects.chronicle.com/titleix/case/234",2015-02-06,"Open","11months, 1week",NA
235,"St. Mary's College of Maryland","www.smcm.edu","http://projects.chronicle.com/titleix/case/235",2015-02-06,"Open","11months, 1week",NA
236,"St. Mary's College of Maryland","www.smcm.edu","http://projects.chronicle.com/titleix/case/236",2015-02-06,"Open","11months, 1week",NA
237,"St. Mary's College of Maryland","www.smcm.edu","http://projects.chronicle.com/titleix/case/237",2015-03-10,"Open","10months, 1week",NA
238,"University of Mississippi","www.olemiss.edu","http://projects.chronicle.com/titleix/case/238",2010-04-02,"Resolved","1year, 8months",2011-12-22
239,"University of San Diego","www.sandiego.edu","http://projects.chronicle.com/titleix/case/239",2015-08-06,"Open","5months, 1week",NA
240,"William Jewell College","www.jewell.edu","http://projects.chronicle.com/titleix/case/240",2015-09-09,"Open","4months",NA
241,"Wesley College (Del.)","www.wesley.edu","http://projects.chronicle.com/titleix/case/241",2015-07-28,"Open","5months, 2weeks",NA
242,"Western New England University","www.wne.edu","http://projects.chronicle.com/titleix/case/242",2015-12-03,"Open","1month, 1week",NA
243,"Virginia Commonwealth University","www.vcu.edu","http://projects.chronicle.com/titleix/case/243",2015-07-14,"Open","6months",NA
244,"Virginia Commonwealth University","www.vcu.edu","http://projects.chronicle.com/titleix/case/244",2015-12-08,"Open","1month",NA
245,"Western Washington University","www.wwu.edu","http://projects.chronicle.com/titleix/case/245",2015-11-05,"Open","2months, 1week",NA
246,"Washington State University","wsu.edu","http://projects.chronicle.com/titleix/case/246",2015-09-23,"Open","3months, 3weeks",NA
247,"BioHealth College",NA,"http://projects.chronicle.com/titleix/case/247",2010-11-22,"Resolved","5months, 3weeks",2011-05-13
248,"Judson University (Ill.)","www.judsonu.edu","http://projects.chronicle.com/titleix/case/248",2015-10-20,"Open","2months, 3weeks",NA
249,"Bard College","www.bard.edu","http://projects.chronicle.com/titleix/case/249",2015-12-30,"Open","1week, 6days",NA
250,"Virginia Military Institute","www.vmi.edu","http://projects.chronicle.com/titleix/case/250",2008-08-05,"Resolved","5years, 9months",2014-05-09
